Title,Topic,Timestamp,Link
غزہ پر بمباری: ’ملبے تلے میرے دو بیٹوں اور چھ ماہ کی بیٹی کی لاشیں ہیں، میرے پاس کوئی نہیں بچا۔۔۔ وہ سب چلے گئے‘,فلسطین,2023-12-06,https://www.bbc.com/urdu/articles/c3gyz34k7mvo
غزہ جنگ: آنے والے دنوں میں لڑائی میں شدت آئے گی اور یہ جلد ختم نہیں ہوگی، بنیامن نتن یاہو ,فلسطین,2023-12-06,https://www.bbc.com/urdu/articles/crg7nk0qxreo
’میں ہوں عونی، ایک نئی ویڈیو کے ساتھ۔۔۔‘: 12 سالہ فلسطینی لڑکے کا وہ خواب جو اس کی موت کے بعد پورا ہوا,فلسطین,2023-12-06,https://www.bbc.com/urdu/articles/c1eyv2jgqjeo
"ویڈیو, غزہ: جنگ بندی ہی کرسمس کا تحفہ ہو گادورانیہ, 6,30",فلسطین,2023-12-06,https://www.bbc.com/urdu/articles/cjlg7p51nrjo
غزہ سے نقل مکانی: ’میں نے 10 لاشیں دیکھیں، ایک سر کٹی لاش کے ہاتھوں نے ابھی تک کار سٹیئرنگ تھام رکھا تھا‘,فلسطین,2023-12-06,https://www.bbc.com/urdu/articles/c0vy4v455lqo
اسرائیل اور حماس کے درمیان جنگ میں دوسرے وقفے کے لیے کوششیں تیز، اسماعیل ہنیہ کی قاہرہ میں ملاقاتیں,فلسطین,2023-12-06,https://www.bbc.com/urdu/articles/cz9elgn4jgpo
اسرائیلی حراست سے رہائی پانے والے فلسطینی: ’وہ پوچھتے رہے حماس کے لوگ کہاں ہیں، انھوں نے میری ٹانگ کاٹ دی‘,فلسطین,2023-12-06,https://www.bbc.com/urdu/articles/cpv6zp2pq4vo
غزہ اسرائیل جنگ اور امریکہ میں مسلم مخالف رویے: ’بیٹی کو سمجھایا کہ کچھ لوگ نفرت سے بھرے ہیں‘,فلسطین,2023-12-06,https://www.bbc.com/urdu/articles/cgr348lz7nxo
غزہ میں یرغمالیوں کی ہلاکت: اسرائیلی فوج کی متنازع حکمتِ عملی اور یرغمالیوں کی رہائی سے جڑے خطرات,فلسطین,2023-12-06,https://www.bbc.com/urdu/articles/cd1mgk2nme5o
غزہ میں ’غلطی سے ہلاک‘ کیے جانے والے اسرائیلی یرغمالی سفید کپڑا تھامے، مدد کے لیے پُکار رہے تھے: اسرائیلی فوج,فلسطین,2023-12-06,https://www.bbc.com/urdu/articles/c51z819y0m3o
یروشلم کا ’پاگل خانہ‘: محمد حنیف کا کالم,فلسطین,2023-12-06,https://www.bbc.com/urdu/articles/c4nyvqx0vn9o
جرمنی کی شہریت حاصل کرنے کے لیے اسرائیل کو تسلیم کرنا ضروری شرط کیوں قرار دیا گیا؟,فلسطین,2023-12-06,https://www.bbc.com/urdu/articles/c51z0mez5k3o
فوجی عدالتوں میں ٹرائل کا سامنا کرنے والے فلسطینی بچے: ’رہائی کے بعد میرا بھائی محمد وہ نہیں رہا جسے ہم جانتے تھے‘,فلسطین,2023-12-06,https://www.bbc.com/urdu/articles/c882e3ydx4vo
اقوام متحدہ کا غزہ میں فوری جنگ بندی کا مطالبہ: امریکہ کی قرارداد کی مخالفت مگر جو بائیڈن کی بمباری پر اسرائیل کو تنبیہ ,فلسطین,2023-12-06,https://www.bbc.com/urdu/articles/cz795n9nx90o
غزہ میں ’صرف ایک تہائی ہسپتال فعال‘، فیشن برانڈ زارا کو تشہیری مہم پر ’افسوس‘,فلسطین,2023-12-06,https://www.bbc.com/urdu/articles/c2e2411p21ro
غزہ کا ’محفوظ علاقہ‘ جو اسلام آباد ایئرپورٹ سے بھی چھوٹا مگر لاکھوں فلسطینوں کی پناہ گاہ ہے,فلسطین,2023-12-06,https://www.bbc.com/urdu/articles/c4n0nzln42ro
’امریکہ تو ہے ہی گھٹیا، مگر آپ کیا ہیں؟‘: وسعت اللہ خان کا کالم,فلسطین,2023-12-06,https://www.bbc.com/urdu/articles/cx0108nw4q5o
غزہ میں بی بی سی کے رپورٹر: ’مجھے اپنی زندگی بھی ختم ہوتی نظر آ رہی ہے‘,فلسطین,2023-12-06,https://www.bbc.com/urdu/articles/cerpwlwperzo
’آپ کو بتانا تھا کہ کل ہمیں ہمارے بچوں کے ساتھ مار دیا جائے گا‘: محمد حنیف کا کالم ,فلسطین,2023-12-06,https://www.bbc.com/urdu/articles/c889z895n33o
اقوام متحدہ کی غزہ میں جنگ بندی کے لیے آرٹیکل 99 کے تحت ووٹنگ کی قرارداد امریکہ نے ویٹو کر دی,فلسطین,2023-12-06,https://www.bbc.com/urdu/articles/c032r3kkl71o
غزہ میں زیرِ تحویل فلسطینیوں کو برہنہ کرنے کی ویڈیو: ’اسرائیلی فوجیوں نے گولی مارنے کی دھمکی دی تھی‘,فلسطین,2023-12-06,https://www.bbc.com/urdu/articles/c3g2j1ypldyo
حماس کی میڈیا مشین کہلائے جانے والے ابو عبیدہ کون ہیں؟,فلسطین,2023-12-06,https://www.bbc.com/urdu/articles/cl4pk4rd52lo
اسرائیلی فوج میں پھیلنے والی پراسرار بیماری ’شیگیلا‘ کیا ہے اور یہ انسانی جسم کو کیسے متاثر کرتی ہے؟,فلسطین,2023-12-06,https://www.bbc.com/urdu/articles/ce9p73lejv4o
"ویڈیو, اسرائیلی قید میں فلسطینی بچوں پر تشدد کے الزاماتدورانیہ, 7,47",فلسطین,2023-12-06,https://www.bbc.com/urdu/articles/c983rx4r1d3o
غزہ کے یتیم بچے:’میں نے اپنی ٹانگ اور اپنا خاندان کھو دیا لیکن میرے پاس اب بھی کچھ خواب موجود ہیں‘,فلسطین,2023-11-18,https://www.bbc.com/urdu/articles/c0k2dd0gz95o
"ویڈیو, ’کاش امّی ابو زندہ ہوتے‘ غزہ کے یتیم بہن بھائیوں کی فریاددورانیہ, 1,53",فلسطین,2023-11-18,https://www.bbc.com/urdu/articles/c032rn16yjgo
اسرائیل کی غزہ کے ’تمام علاقوں میں‘ زمینی کارروائیاں، وار زون میں ’ہسپتال بھی محفوظ مقام نہیں‘,فلسطین,2023-11-18,https://www.bbc.com/urdu/articles/cw42enkv0p4o
کوفیہ: فلسطینی مزاحمت کی شناخت بننے والا رومال کیا ہے اور یہ اتنا مشہور کیسے ہوا؟,فلسطین,2023-11-18,https://www.bbc.com/urdu/articles/c162yw1kl6jo
غزہ جنگ کا اگلا مرحلہ: امریکہ نے اسرائیل کے لیے کیا ’ریڈ لائن‘ واضح کی ہیں؟,فلسطین,2023-11-18,https://www.bbc.com/urdu/articles/c0v22yjrx8eo
’وہ ہم پر اپنے کتے چھوڑ دیتے، ہمارے ہاتھ پیر توڑتے‘: رہائی پانے والے فلسطینی قیدیوں کا اسرائیل پر تشدد کا الزام,فلسطین,2023-11-18,https://www.bbc.com/urdu/articles/c1d2259lj0ko
اسرائیل، حماس جنگ بندی کا ثالث: قطر کے پاس کون سی جادو کی چھڑی ہے؟,فلسطین,2023-11-18,https://www.bbc.com/urdu/articles/cd1pmpl165vo
"ویڈیو, قطر کے پاس ایسا کیا ہے کہ اُس نے اسرائیل اور حماس کے درمیان معاہدہ کروا دیا؟دورانیہ, 6,33",فلسطین,2023-11-18,https://www.bbc.com/urdu/articles/c51exl4rv4po
’تمام عرب اور مسلمان اس وقت کہاں ہیں؟ آپ نے فلسطینی عوام کو تباہ ہونے کے لیے چھوڑ دیا ہے‘، غزہ کی ایک خاتون کی دہائی,فلسطین,2023-11-18,https://www.bbc.com/urdu/articles/ckdp91jq5qjo
تین سال کی عسکری مشقیں: حماس نے اسرائیل پر حملے کے لیے کس طرح مسلح گروہوں کو اکٹھا کر کے ایک بڑی فورس بنائی؟,فلسطین,2023-11-18,https://www.bbc.com/urdu/articles/c3g2z0jvyz3o
"ویڈیو, وہ لمحہ جب رہا ہونے والی فلسطینی قیدی اپنے خاندان سے ملیںدورانیہ, 1,29",فلسطین,2023-11-18,https://www.bbc.com/urdu/articles/czq2eyq07p4o
اسلاموفوبیا اور بیرونِ ملک مقیم پاکستانی: ’گھر والے فلسطین کے حق میں بات کرنے سے روکتے ہیں کیونکہ ابھی شہریت نہیں ملی‘,فلسطین,2023-11-18,https://www.bbc.com/urdu/articles/crgp0z20gg3o
اسرائیل کا وہ محاذِ جنگ جو دنیا کی نظروں سے اوجھل ہے,فلسطین,2023-11-18,https://www.bbc.com/urdu/articles/czq2y54qy23o
اسرائیل کی جنگ کے ’فیصلہ کن‘ اگلے مرحلے کی تیاری، عارضی جنگ بندی کی مدت ختم ہونے کے بعد کیا ہوگا؟,فلسطین,2023-11-18,https://www.bbc.com/urdu/articles/cnep0yev8wyo
حماس نے ’خدشات دور ہونے پر‘ مزید 13 اسرائیلی اور چار تھائی یرغمالی رہا کر دیے,فلسطین,2023-11-18,https://www.bbc.com/urdu/articles/c9r6xq7zl4ko
اسرائیل کی قید سے رہا ہونے والے فلسطینی: ’قید تنہائی میں رکھا گیا ۔۔۔ خدا پر ایمان ہو تو سب کچھ آسان ہو جاتا ہے‘,فلسطین,2023-11-18,https://www.bbc.com/urdu/articles/c6p6dpw66xqo
’اگر ہم نے چار ہزار فلسطینی بچوں کا قتل کیا تو یہ کافی نہیں‘: اوباما دور کے سابق مشیر مسلم مخالف نفرت انگیز گفتگو پر گرفتار,فلسطین,2023-11-18,https://www.bbc.com/urdu/articles/cp6pyy9pg8wo
یرغمالیوں کی رہائی پر معاہدہ اور ’لڑائی میں وقفہ‘، ’50 اسرائیلی یرغمالیوں کے بدلے 150 فلسطینی قیدی رہا کیے جائیں گے‘,فلسطین,2023-11-18,https://www.bbc.com/urdu/articles/c0d24p77p3xo
عزالدین القسام: شام کے پیش امام جنھوں نے فلسطین میں یہودی آباد کاروں کیخلاف بندوق اٹھائی,فلسطین,2023-11-18,https://www.bbc.com/urdu/articles/cl4pv0322nzo
کیا امریکی صدر بائیڈن کو غزہ میں اسرائیلی مہم جوئی پر اندرونی اختلافات کا سامنا ہے؟,فلسطین,2023-11-18,https://www.bbc.com/urdu/articles/cmlpv420x91o
سی سی ٹی وی فوٹیج میں اسرائیلی یرغمالیوں کو الشفا ہسپتال لے جاتا دیکھا گیا: اسرائیل کا دعویٰ ,فلسطین,2023-11-18,https://www.bbc.com/urdu/articles/cx91qkxe4xzo
اسرائیل کو یرغمالیوں کی رہائی کے لیے حماس کے ساتھ معاہدے پر اتفاق کی امید ,فلسطین,2023-11-18,https://www.bbc.com/urdu/articles/cq5pyznezp4o
وہ سوشل میڈیا انفلوئنسرز جو اسرائیل اور غزہ کے متاثرین کی تکلیف سے پیسے کما رہے ہیں,فلسطین,2023-11-18,https://www.bbc.com/urdu/articles/ckrp73lpnr8o
غزہ پر حملے کی وجہ سے کیا عرب ممالک پہلے کی طرح مغرب کو تیل فروخت کرنا بند کریں گے؟,فلسطین,2023-11-18,https://www.bbc.com/urdu/articles/c51e23zmk8ro
محمد حنیف کا کالم: مغربی تہذیب کا خنجر,فلسطین,2023-11-08,https://www.bbc.com/urdu/articles/cv2z8ez454vo
کیا الشفا ہسپتال سے کوئی ثبوت نہ ملنے پر اسرائیل پر جنگ بندی کے لیے دباؤ بڑھ سکتا ہے؟,فلسطین,2023-11-08,https://www.bbc.com/urdu/articles/ce9p771rw1no
"ویڈیو, غزہ: چند نوجوانوں نے جنگ کی کوریج کیسے بدل دی؟دورانیہ, 6,56",فلسطین,2023-11-08,https://www.bbc.com/urdu/articles/crgp92kxn7mo
"لائیو , غزہ جنگ: اسرائیلی اقدامات پر مغربی طاقتوں کی بے چینی میں اضافہ، اسرائیلی فوجیوں نے ’ہسپتال کے قریب یرغمالی کی لاش برآمد کی‘",فلسطین,2023-11-08,https://www.bbc.com/urdu/live/world-67446970
’مسٹر سکیورٹی‘ بنیامن نتن یاہو: اسرائیلی وزیر اعظم کی سیاست کی جادوگری کیا حماس حملے کا داغ دھو پائے گی؟,فلسطین,2023-11-08,https://www.bbc.com/urdu/articles/c032n2drpx6o
حماس کے ’دھڑکتے ہوئے دل‘ میں سرنگوں کی متلاشی اسرائیلی فوج: بی بی سی نے اسرائیلی فوج کے ہمراہ الشفا ہسپتال میں کیا دیکھا؟,فلسطین,2023-11-08,https://www.bbc.com/urdu/articles/c519g9w740lo
"ویڈیو, غزہ میں بچوں کی ہلاکتوں کو دنیا کیسے روک سکتی ہے؟دورانیہ, 6,48",فلسطین,2023-11-08,https://www.bbc.com/urdu/articles/crgp75qxkv7o
تقریروں تک محدود اور عملی اقدامات سے خالی: ریاض میں ہونے والے عرب اور مسلم رہنماؤں کے سربراہی اجلاس سے کیا حاصل ہوا؟,فلسطین,2023-11-08,https://www.bbc.com/urdu/articles/cglpgk1ry5do
"لائیو , اسرائیل کا حماس کے سربراہ کے گھر پر لڑاکا طیاروں سے حملے کا دعویٰ: اسماعیل ہنیہ کون ہیں؟",فلسطین,2023-11-08,https://www.bbc.com/urdu/live/world-67423264
اسرائیلی فوج حماس کے حملے میں ہلاک ہونے والے شہریوں کی لاشوں کی تلاش میں شکاری پرندوں کا کیسے استعمال کر رہی ہے؟,فلسطین,2023-11-08,https://www.bbc.com/urdu/articles/cp4pd9zrpwgo
غزہ کی جنگ ماضی کی جنگوں سے مختلف اور جنگ بندی کا امکان کم کیوں ہے؟,فلسطین,2023-11-08,https://www.bbc.com/urdu/articles/cw0266p2z2jo
"لائیو , ’ہسپتال کے صحن میں بنائی گئی اجتماعی قبر میں 179 فلسطینیوں کو دفنا دیا گیا،‘ ڈائریکٹر الشفا ہسپتال",فلسطین,2023-11-08,https://www.bbc.com/urdu/live/world-67411721
غزہ اسرائیل جنگ: فلسطین کی حمایت کے لیے سوشل میڈیا پر تربوز کا استعمال کیوں کیا جا رہا ہے؟ ,فلسطین,2023-11-08,https://www.bbc.com/urdu/articles/cgrpdryzr58o
لبنان، اسرائیل سرحد پر کشیدگی: حزب اللہ، اسرائیل تصادم کی صورت میں کیا ہو گا؟,فلسطین,2023-11-08,https://www.bbc.com/urdu/articles/c6p6z01q4e9o
"لائیو , حماس کی جانب سے یرغمال بنائے گئے شہریوں کی رہائی کے عوض ’ڈیل‘ ہو سکتی ہے: اسرائیلی وزیراعظم",فلسطین,2023-11-08,https://www.bbc.com/urdu/live/world-67400313
حماس کو اپنے 50 ہزار ملازمین اور اپنے خرچ کے لیے فنڈز کہاں سے ملتے ہیں؟,فلسطین,2023-11-08,https://www.bbc.com/urdu/articles/czr2e7mmjpxo
اسلامی تعاون تنظیم کے تاریخی اجلاس میں اسرائیل کیخلاف کسی عملی اقدام پر اتفاق کیوں نہیں ہو سکا؟ ,فلسطین,2023-11-08,https://www.bbc.com/urdu/articles/cg3p1vevjjro
’اس تصویر میں زیادہ تر بچے اب زندہ نہیں ہیں‘: غزہ پر حملوں میں ایک ہی خاندان کے بہت سے لوگ کیوں مارے جا رہے ہیں؟,فلسطین,2023-11-08,https://www.bbc.com/urdu/articles/cw02jpgz9gzo
’جب یروشلم کی مسجد الاقصیٰ کی حفاظت پگڑی والے ہندوستانی فوجی کر رہے تھے‘: اسرائیل میں مدفون پاکستانی اور انڈین فوجیوں کی داستان,فلسطین,2023-11-08,https://www.bbc.com/urdu/articles/c0d2v882883o
غزہ جنگ: اسرائیل اپنی زمینی کارروائی میں ’سرنگوں کی جنگ کی ماہر‘ حماس کے خلاف جنگی اہداف حاصل کرنے کے کتنا قریب ہے؟,فلسطین,2023-11-08,https://www.bbc.com/urdu/articles/crgprgzq7pno
"لائیو , عام شہریوں کی حفاظت یقینی بنائی جائے اور یرغمالیوں کو رہا کیا جائے: پوپ فرانسس",فلسطین,2023-11-08,https://www.bbc.com/urdu/live/world-67379209
’میں اسرائیلی انٹیلیجنس سے بات کر رہا ہوں، ہمیں بمباری کا حکم ہے‘: غزہ کے ڈاکٹر اور انٹیلیجنس اہلکار کے رابطوں کی کہانی,فلسطین,2023-11-08,https://www.bbc.com/urdu/articles/c80wjj9qdp5o
’ہر دس منٹ میں ایک بچہ ہلاک۔۔۔‘ اسرائیل غزہ جنگ اعداد و شمار کے حوالے سے کتنی ہولناک ہے؟ ,فلسطین,2023-11-08,https://www.bbc.com/urdu/articles/c0d2zdvgd3po
"ویڈیو, غزّہ: جنگ بندی کے عالمی مطالبے پر کون عملدرآمد کروائے گا؟دورانیہ, 7,48",فلسطین,2023-11-08,https://www.bbc.com/urdu/articles/c6p69276zz6o
غزہ پر اسرائیلی فضائی حملوں کی کون سے ممالک حمایت کر رہے ہیں، کون مخالف ہے اور کون خاموش؟,فلسطین,2023-10-30,https://www.bbc.com/urdu/articles/c72q9jxpl5zo
لاطینی امریکہ کا وہ ملک جس کی معیشت فلسطینی پناہ گزینوں کی آمد اور محنت سے چمک اٹھی,فلسطین,2023-10-30,https://www.bbc.com/urdu/articles/c0j2dw7v5xko
اسرائیلی اور فلسطینی والد جو اپنی بیٹیوں کی ہلاکت کے بعد ’بھائیوں جیسے دوست‘ بن گئے,فلسطین,2023-10-30,https://www.bbc.com/urdu/articles/cd1pg2kmyxeo
اسرائیل غزہ کی پٹی کو دو حصوں میں کیوں تقسیم کرنا چاہتا ہے؟,فلسطین,2023-10-30,https://www.bbc.com/urdu/articles/c889r899xjvo
اُردن، عراق اور پھر ترکی: تین دن سے مسلم ممالک میں گھومنے والے امریکی وزیر خارجہ کی بات کیوں نہیں سُنی جا رہی,فلسطین,2023-10-30,https://www.bbc.com/urdu/articles/cx01kvz3vnvo
غزہ کے وہ رہائشی جن کے خاندان اسرائیلی حملوں میں ختم ہو گئے: ’15 بچوں سمیت خاندان کے 21 لوگ مر گئے‘,فلسطین,2023-10-30,https://www.bbc.com/urdu/articles/c19r90jjd9yo
 اسرائیل غزہ جنگ: مشرق وسطیٰ کے تنازعے میں امریکی سفارت کاری کتنی کامیاب ہو سکتی ہے؟,فلسطین,2023-10-30,https://www.bbc.com/urdu/articles/cd1pzg3lze3o
وسعت اللہ خان کا کالم ’بات سے بات‘: غزہ کا پیاسا کتا اور آخری گھونٹ,فلسطین,2023-10-30,https://www.bbc.com/urdu/articles/c1927nyglmlo
اسحاق رابین: مشرق وسطی میں امن کی امید دلانے والے وزیر اعظم جن کے قتل پر اسرائیل میں جشن منایا گیا,فلسطین,2023-10-30,https://www.bbc.com/urdu/articles/c51ek39vlrpo
اسرائیل اور حماس کے تنازع سے جنم لینے والے پانچ ’تشویش ناک‘ حقائق,فلسطین,2023-10-30,https://www.bbc.com/urdu/articles/cv2z3djzj1po
حسن نصراللہ: لبنان کو اپنی مٹھی میں لینے والے حزب اللہ کے سربراہ کون ہیں؟,فلسطین,2023-10-30,https://www.bbc.com/urdu/articles/crgprreejl0o
غزہ سے فلسطینیوں کو بے دخل کرنے کا خفیہ اسرائیلی منصوبہ جس پر انتہائی رازداری برتی گئی,فلسطین,2023-10-30,https://www.bbc.com/urdu/articles/cerkv70wvn0o
"لائیو , جنگ بندی کا انحصار اسرائیل کا محفوظ محسوس کرنے پر ہے: امریکی اہلکار",فلسطین,2023-10-30,https://www.bbc.com/urdu/live/world-67294230
کیا غیر ملکی مصنوعات کے بائیکاٹ کی مہم کا نقصان واقعی اسرائیل کو ہو گا؟,فلسطین,2023-10-30,https://www.bbc.com/urdu/articles/c1v9d091k7qo
بالفور اعلامیہ: سادہ کاغذ پر لکھے گئے 67 الفاظ جنھوں نے مشرق وسطیٰ کی تاریخ بدل ڈالی,فلسطین,2023-10-30,https://www.bbc.com/urdu/articles/c0x6jg266q7o
معاشی مفادات کا تحفظ یا ’ایماندار ثالث‘ کا عالمی تشخص: اسرائیل، حماس جنگ سے چین کیا حاصل کرنا چاہتا ہے؟,فلسطین,2023-10-30,https://www.bbc.com/urdu/articles/cd1m1m268nko
جنوبی غزہ کے وہ ’محفوظ‘ مقامات جہاں پر اسرائیلی فوج نے حملے کیے ,فلسطین,2023-10-30,https://www.bbc.com/urdu/articles/ckkrkk67wnro
اسرائیل کا نیا اسلحہ قانون کیا ہے اور عرب اسرائیلی خوفزدہ کیوں ہیں؟ ,فلسطین,2023-10-30,https://www.bbc.com/urdu/articles/c2x8x208jndo
غزہ میں اسرائیلی بمباری کے دوران بچی کی پیدائش: ’بیٹی کے رونے کا مطلب تھا کہ ہم سب ابھی زندہ ہیں‘,فلسطین,2023-10-30,https://www.bbc.com/urdu/articles/c807z981rw9o
اسرائیل کی توپوں میں کیڑے پڑیں! عاصمہ شیرازی کا کالم,فلسطین,2023-10-30,https://www.bbc.com/urdu/articles/cd1q10n0eqno
"ویڈیو, غزہ اسرائیل جنگ میں بچی کو جنم دینے والی جمانہ عماد دورانیہ, 3,07",فلسطین,2023-10-30,https://www.bbc.com/urdu/articles/c874z2dm74mo
حماس اور القسام بریگیڈ کی نئی حکمت عملی، جس سے سوشل میڈیا پر اس کے سبسکرائبرز کی تعداد میں لاکھوں کا اضافہ ہوا,فلسطین,2023-10-30,https://www.bbc.com/urdu/articles/c51lw18njv4o
غزہ پر حملے اور جنگ کے خاتمے کے بعد اسرائیل کی مستقبل کی حکمت عملی کیا ہو گی؟,فلسطین,2023-10-30,https://www.bbc.com/urdu/articles/cg3092pp73no
"لائیو , اسرائیل کی غزہ کے پناہ گزین کیمپ ’جبالیہ‘ پر فضائی حملے کی تصدیق، دھماکے میں درجنوں فلسطینی ہلاک",فلسطین,2023-10-30,https://www.bbc.com/urdu/live/world-67259046
"ویڈیو, غزہ: ’ہم اپنا گھر، اپنا ملک نہیں چھوڑیں گے‘دورانیہ, 2,25",فلسطین,2023-10-24,https://www.bbc.com/urdu/articles/clld4zy007ro
حماس کی قید میں اسرائیلی یرغمالیوں کی رہائی کے لیے قطر کی ثالثی کتنی اہم ہے؟,فلسطین,2023-10-24,https://www.bbc.com/urdu/articles/c040lx08em7o
اگر واقعی صلاح الدین ایوبی آ گیا تو پھر؟ وسعت اللہ خان کا کالم,فلسطین,2023-10-24,https://www.bbc.com/urdu/articles/cxx68gpdle0o
وہ اسرائیلی یرغمالی جو برسوں سے غزہ میں حماس کی قید میں ہیں,فلسطین,2023-10-24,https://www.bbc.com/urdu/articles/clkjwy3ppggo
"لائیو , غزہ کے القدس ہسپتال کو خالی کرانے کے اسرائیلی حکم پر عالمی ادارۂ صحت سمیت دیگر امدادی تنظیموں کو تشویش",فلسطین,2023-10-24,https://www.bbc.com/urdu/live/world-67253466
اسرائیلی بمباری کے دوران غزہ کا دنیا سے رابطہ منقطع: ’معلومات کے بلیک آؤٹ سے ظلم کو چھپایا جا رہا ہے‘,فلسطین,2023-10-24,https://www.bbc.com/urdu/articles/c2l3wq272jwo
"ویڈیو, غزہ میں زمینی حملہ: ’پہلے بچوں اور مغویوں کو بازیاب کروایا جائے‘ دورانیہ, 3,01",فلسطین,2023-10-24,https://www.bbc.com/urdu/articles/cw03zx4y27zo
اسرائیل پر ’وارکرائمز‘ کے الزامات: جنگی جرائم کا تعین کیسے کیا جاتا ہے اور عدالت کن بنیادوں پر سزا دیتی ہے؟,فلسطین,2023-10-24,https://www.bbc.com/urdu/articles/cd1k5yn7lr4o
اسرائیل کا غزہ میں زمینی آپریشن کو وسعت دینے کا اعلان: کیا غزہ پر زمینی حملہ اپنے مقاصد حاصل کر پائے گا؟,فلسطین,2023-10-24,https://www.bbc.com/urdu/articles/ckrex9njy91o
"ویڈیو, جنگی جرائم اور نسل کُشی کیا ہے؟دورانیہ, 6,38",فلسطین,2023-10-24,https://www.bbc.com/urdu/articles/c3grd6rkg6wo
چار سال کے دو بچوں کی موت پر پراپیگنڈے اور الزامات کی جنگ کیسے لڑی گئی؟,فلسطین,2023-10-24,https://www.bbc.com/urdu/articles/cd1l94zv60no
حماس کو 'دہشت گرد تنظیم' قرار دینا انڈیا کے لیے کتنا مشکل اور پیچیدہ معاملہ ہے؟,فلسطین,2023-10-24,https://www.bbc.com/urdu/articles/ce54kjd6gxro
غزہ میں زمینی آپریشن میں اسرائیل کی تاخیر امریکہ کے مفاد میں کیسے ہے؟,فلسطین,2023-10-24,https://www.bbc.com/urdu/articles/cg60dxg03dxo
بیٹا، بیٹی، اہلیہ اور پوتے کو اسرائیلی بمباری میں کھونے والے الجزیرہ کے صحافی: ’غزہ میں کوئی جگہ محفوظ نہیں‘,فلسطین,2023-10-24,https://www.bbc.com/urdu/articles/cv207nl3xd3o
’ناگزیر‘ زمینی آپریشن سے قبل غزہ میں اسرائیلی ٹینکوں کا ’ٹارگٹڈ ریڈ‘ کیا ظاہر کرتا ہے؟,فلسطین,2023-10-24,https://www.bbc.com/urdu/articles/cq5l7exz3r9o
انتونیو گوتریس: اسرائیل نے اقوام متحدہ کے سربراہ سے مستعفی ہونے کا مطالبہ کیوں کیا؟,فلسطین,2023-10-24,https://www.bbc.com/urdu/articles/cpw57xqn2w7o
غزہ: ’میں نے اُس بیٹے کو کھو دیا جس کی پیدائش کے لیے ہم نے آٹھ سال انتظار کیا تھا‘,فلسطین,2023-10-24,https://www.bbc.com/urdu/articles/cp4jejppjqqo
"ویڈیو, غزہ میں ایندھن کی قلت: ’اگر بجلی بند ہو گئی تو یہ نومولود بچے پانچ منٹ میں مر جائیں گے‘دورانیہ, 2,07",فلسطین,2023-10-24,https://www.bbc.com/urdu/articles/cp9x33ne37mo
سکاٹش وزیراعظم حمزہ یوسف کے سسر اور ساس جو ’اسرائیلی بمباری سے بچنے کی کوشش کر رہے ہیں‘,فلسطین,2023-10-24,https://www.bbc.com/urdu/articles/c25wyglxpdjo
’ہم قرآن پر یقین رکھتے ہیں، آپ کو کوئی تکلیف نہیں ہو گی‘: یرغمالی اسرائیلی خاتون نے حماس کی قید میں کیا دیکھا؟,فلسطین,2023-10-24,https://www.bbc.com/urdu/articles/c3gly44jrd5o
باہمی مفادات یا حکمت عملی: امریکہ ہر معاملے میں اسرائیل کی حمایت اور مدد کیوں کرتا ہے؟,فلسطین,2023-10-24,https://www.bbc.com/urdu/articles/c4nvk29klllo
معاشی مفادات یا ثالثی کی خواہش: صدر اردوغان اسرائیل اور حماس تنازع میں ’نیوٹرل‘ کیوں ہوئے؟,فلسطین,2023-10-24,https://www.bbc.com/urdu/articles/c8vl2mm02elo
"ویڈیو, غزہ: ’ہسپتال کا صحن لاشوں سے بھر گیا ہے۔۔۔ ہمارے پاس کفن کم پڑ گئے ہیں‘دورانیہ, 2,17",فلسطین,2023-10-24,https://www.bbc.com/urdu/articles/cp06r3z38d1o
امریکہ اپنے ’نظریاتی ساتھی‘ اسرائیل کے دفاع کے لیے کس حد تک جا سکتا ہے؟,فلسطین,2023-10-24,https://www.bbc.com/urdu/articles/c3g32rz9qnyo
غزہ کی صورتحال تیل اور گیس کی عالمی سطح پر سپلائی کو کیسے متاثر کر سکتی ہے؟,فلسطین,2023-10-18,https://www.bbc.com/urdu/articles/c51w0wgjq85o
غزہ پر اسرائیل کا ممکنہ زمینی حملہ: گنجان آباد علاقوں میں جنگ کے دوران کیا خطرات ہوتے ہیں؟,فلسطین,2023-10-18,https://www.bbc.com/urdu/articles/cv2ezdjvkgpo
"لائیو , اسرائیل کے غزہ میں درجنوں مقامات پر حملے: غزہ سے شہریوں کے انخلا کے اسرائیلی حکم پر نظرثانی کا مطالبہ",فلسطین,2023-10-18,https://www.bbc.com/urdu/live/world-67191042
"ویڈیو, غزہ کی پٹی: ’دنیا کی سب سے بڑی کُھلی جیل‘ میں رہنے والوں کی زندگی کیسی ہے؟دورانیہ, 7,45",فلسطین,2023-10-18,https://www.bbc.com/urdu/articles/c51vexx5vx2o
مغربی کنارے میں فلسطینیوں پر حملے: ’غزہ میں جنگ کا فائدہ اٹھا کر ہمیں اپنے گھروں سے بے دخل کیا جا رہا ہے‘,فلسطین,2023-10-18,https://www.bbc.com/urdu/articles/c9744jnp5dpo
سعودی شہزادے کی اسرائیل اور حماس دونوں پر تنقید جو اس تنازع پر شاہی خاندان کا موقف بتاتی ہے,فلسطین,2023-10-18,https://www.bbc.com/urdu/articles/cgl0053l6zyo
"لائیو , غزہ پر بمباری کے بعد ہسپتال میں کفن میں لپٹی لاشوں کے مناظر، نتن یاہو کی حزب اللہ کو تنبیہ",فلسطین,2023-10-18,https://www.bbc.com/urdu/live/world-67185792
بنیامن نتن یاہو: حماس کا ’نام و نشان‘ مٹانے کا وعدہ کرنے والے ’ہوشیار‘ اسرائیلی رہنما کون ہیں؟,فلسطین,2023-10-18,https://www.bbc.com/urdu/articles/cgrddgezexeo
20 گھنٹے تک یرغمال رہنے والی 65 سالہ دادی جنھوں نے حماس کے حملہ آوروں کو چائے، بسکٹ پیش کیے,فلسطین,2023-10-18,https://www.bbc.com/urdu/articles/czd001ekw4wo
کیا غزہ کی پٹی کیخلاف اسرائیلی کارروائیاں ’جنگی جرائم‘ ہیں؟,فلسطین,2023-10-18,https://www.bbc.com/urdu/articles/cy7110701dzo
"لائیو , حماس نے 210 افراد کو یرغمال بنا رکھا ہے، اسرائیل: غزہ پہنچنے والے 20 امدادی سامان کے ٹرکوں میں سے ’ایک تابوتوں سے بھرا ہے‘",فلسطین,2023-10-18,https://www.bbc.com/urdu/live/pakistan-67179772
اسرائیل کا قیام کیسے اور کیوں عمل میں آیا اور غزہ کے ساتھ اِس کے تنازع کی تاریخ کیا ہے؟,فلسطین,2023-10-18,https://www.bbc.com/urdu/articles/cn48692v1mqo
"ویڈیو, اسرائیل-فلسطین تنازع کیا ہے؟دورانیہ, 5,57",فلسطین,2023-10-18,https://www.bbc.com/urdu/articles/clw7x85290eo
’دروازے پر دستک دیتا ہوں تو اپنا آپ موت کا فرشتہ محسوس ہوتا ہے‘ اسرائیلیوں کو موت کی اطلاع دینے والے فوجی افسر,فلسطین,2023-10-18,https://www.bbc.com/urdu/articles/c0v7r0wqyw4o
"لائیو , حماس نے دو امریکی یرغمالی رہا کر دیے: اسرائیلی حکام کی تصدیق",فلسطین,2023-10-18,https://www.bbc.com/urdu/live/world-67165982
امریکہ، ایران یا انٹیلیجنس کا فقدان: غزہ پر ممکنہ اسرائیلی زمینی حملے کو کیا چیز روکے ہوئے ہے؟,فلسطین,2023-10-18,https://www.bbc.com/urdu/articles/c4nd0x3p7jko
غزہ کی پٹی: ’دنیا کی سب سے بڑی کُھلی جیل‘ جس پر سکندر اعظم سے لے کر سلطنتِ عثمانیہ تک نے حکومت کی,فلسطین,2023-10-18,https://www.bbc.com/urdu/articles/cy91q19p0gvo
کیبوتز: یہودی برادری کا انوکھا طرز زندگی جس نے اسرائیلی ریاست کو استحکام بخشا,فلسطین,2023-10-18,https://www.bbc.com/urdu/articles/c3g3zzvq8zlo
"ویڈیو, رفح کراسنگ: ’غزہ میں بمباری سے بچنے کا واحد راستہ‘دورانیہ, 1,13",فلسطین,2023-10-18,https://www.bbc.com/urdu/articles/c3gr31pnldyo
"لائیو , اسرائیلی وزیر دفاع کا سرحد پر موجود دستوں کو ’تیار رہنے‘ کا حکم، امریکہ کی دنیا بھر میں اپنے شہریوں کو سفری تنبیہ جاری",فلسطین,2023-10-18,https://www.bbc.com/urdu/live/world-67153703
"ویڈیو, کیا ’حماس‘ اور ’حزب اللہ‘ اسرائیل کا عسکری لحاظ سے مقابلہ کر سکتے ہیں؟دورانیہ, 6,05",فلسطین,2023-10-18,https://www.bbc.com/urdu/articles/cyj1g9ewr89o
ویڈیوز، تصاویر اور دیگر شواہد غزہ میں ہسپتال میں ہونے والے دھماکے کے بارے میں کیا ظاہر کرتے ہیں؟,فلسطین,2023-10-18,https://www.bbc.com/urdu/articles/c80j52np0k6o
اسرائیل کے خلاف لڑائی میں ’حصہ ڈالنے کو تیار‘ حزب اللہ کیسے وجود میں آئی اور اس کی عسکری قوت کتنی ہے؟,فلسطین,2023-10-18,https://www.bbc.com/urdu/articles/cv2e14ngkvpo
"ویڈیو, غزہ کے الاہلی ہسپتال پر حملے کے بعد ہر طرف آگ ہی آگدورانیہ, 0,43",فلسطین,2023-10-18,https://www.bbc.com/urdu/articles/cqq74gwn55qo
"ویڈیو, خان یونس: ’یہ ایک تباہ کن اور قیامت خیز صورتحال ہے‘دورانیہ, 2,54",فلسطین,2023-10-13,https://www.bbc.com/urdu/articles/cx940pk49gwo
ایران کی اسرائیل کے خلاف کارروائی کی دھمکی: ایران اور حماس کے درمیان تعلقات اتنے گہرے کیسے ہوئے؟,فلسطین,2023-10-13,https://www.bbc.com/urdu/articles/cw4dgx91dzwo
"لائیو , ’اسرائیل مصر کے راستے امداد کی غزہ آمد میں رکاوٹ نہیں ڈالے گا‘: ہسپتال میں دھماکے کا ذمہ دار اسرائیل نہیں،‘ امریکہ",فلسطین,2023-10-13,https://www.bbc.com/urdu/live/world-67142121
’ریڈ پرنس‘: جب موساد نے خفیہ آپریشن میں یاسر عرفات کے ’منہ بولے بیٹے‘ اور ’بلیک ستمبر‘ کے منصوبہ ساز کو قتل کیا,فلسطین,2023-10-13,https://www.bbc.com/urdu/articles/c04057g1lxpo
رفح کراسنگ: غزہ کے باشندوں کے لیے ’فرار کا واحد راستہ‘ مگر مصر اس سرحدی گزرگاہ کو کیوں نہیں کھول رہا؟,فلسطین,2023-10-13,https://www.bbc.com/urdu/articles/cle6xy4g601o
حماس کا مقابلہ کر کے اپنے علاقے کو بچانے والے سابق فوجی جو اسرائیل کے غزہ پر زمینی حملے کے خلاف ہیں,فلسطین,2023-10-13,https://www.bbc.com/urdu/articles/czd017qx30lo
امریکہ کے ’لٹل فلسطین‘ میں چھ سالہ مسلمان بچے کا قتل: ’وادیا کے آخری الفاظ تھے کہ امی، میں ٹھیک ہوں‘ ,فلسطین,2023-10-13,https://www.bbc.com/urdu/articles/cnd89w6ryyro
"لائیو , غزہ کے ہسپتال پر حملے میں 500 ہلاک، اسرائیل کا حملے سے اعلانِ لاتعلقی، محمود عباس کا جو بائیڈن سے ملاقات نہ کرنے کا فیصلہ",فلسطین,2023-10-13,https://www.bbc.com/urdu/live/world-67130475
غزہ کا شہر خان یونس: جہاں بھوک و افلاس کے باعث  ایک نئے انسانی بحران کا خطرہ موجود ہے,فلسطین,2023-10-13,https://www.bbc.com/urdu/articles/ckrem7051l5o
"لائیو , حماس کا اسرائیلی شہروں پر راکٹ حملوں کا دعویٰ: ’ جنگ طویل ہو گی جس کی بھاری قیمت چکانی ہو گی،‘ اسرائیلی وزیر دفاع",فلسطین,2023-10-13,https://www.bbc.com/urdu/live/world-67119567
"ویڈیو, وہ خفیہ سرنگیں جو غزہ کے نیچے بنی ہوئی ہیںدورانیہ, 1,48",فلسطین,2023-10-13,https://www.bbc.com/urdu/articles/cv20je17r4wo
کیا غزہ میں اسرائیل کی زمینی جنگ اپنے اہداف حاصل کر پائے گی؟ ,فلسطین,2023-10-13,https://www.bbc.com/urdu/articles/cpdv774vjv7o
کیا روسی صدر پوتن اسرائیل اور حماس کے درمیان جنگ کا فائدہ اٹھانا چاہتے ہیں؟,فلسطین,2023-10-13,https://www.bbc.com/urdu/articles/cw8xn2z40deo
غزہ پر اسرائیلی بمباری: ’ہم ایک ساتھ سوتے ہیں تاکہ ایک ساتھ مر سکیں‘,فلسطین,2023-10-13,https://www.bbc.com/urdu/articles/c1r4g213gpqo
"لائیو , اسرائیلی فوج کی غزہ میں زمینی آپریشن کی تیاری: ’ہسپتال میں زیرِ علاج مریضوں کے پاس کوئی محفوظ ٹھکانہ نہیں‘",فلسطین,2023-10-13,https://www.bbc.com/urdu/live/world-67114636
غزہ کے نیچے موجود حماس کی خفیہ سرنگوں کی بھول بھلیاں جو اسرائیل کے لیے بہت بڑا چیلنج ہیں,فلسطین,2023-10-13,https://www.bbc.com/urdu/articles/cx0en109dzlo
محمد حنیف کا کالم: ایک اور نکبہ، گردن اور تلوار کا مکالمہ,فلسطین,2023-10-13,https://www.bbc.com/urdu/articles/c3gx7qk5z4jo
سرنگوں کا خوف اور گنجان آباد علاقے کی جنگ: غزہ پر زمینی حملہ جس کی تیاری اسرائیل برسوں سے کر رہا ہے,فلسطین,2023-10-13,https://www.bbc.com/urdu/articles/c0j97kgke7po
اسرائیل اور حماس کی جنگ میں پھنسے ہوئے غزہ کے فلسطینیوں کی حفاظت کس کی ذمہ داری ہے؟,فلسطین,2023-10-13,https://www.bbc.com/urdu/articles/c3grk9yjpg2o
"لائیو , شمالی غزہ میں فلسطینیوں کے قافلے پر فضائی حملے میں بچوں سمیت درجنوں افراد ہلاک",فلسطین,2023-10-13,https://www.bbc.com/urdu/live/world-67109841
"ویڈیو, اسرائیل کے انتباہ کے بعد شمالی غزہ سے فلسطینیوں کے انخلا کے مناظردورانیہ, 0,30",فلسطین,2023-10-13,https://www.bbc.com/urdu/articles/ce9d2rl40eyo
’نظر آئے تو مارے جاؤ گے۔۔۔‘: عرب برادری جو اسرائیل اور حماس کی لڑائی کے بیچ پھنس گئی ہے,فلسطین,2023-10-13,https://www.bbc.com/urdu/articles/c2x8e8vnlr8o
"ویڈیو, جب بی بی سی کے رپورٹر نے غزہ کے ہسپتال میں زخمی دوستوں کو دیکھا دورانیہ, 1,48",فلسطین,2023-10-13,https://www.bbc.com/urdu/articles/cx8r5v3pdx0o
غزہ میں بجلی کی بندش: ’ہمارے پاس جلانے کے لیے موم بتیاں بھی نہیں‘,فلسطین,2023-10-13,https://www.bbc.com/urdu/articles/ce9l0zzv32go
حماس کے عسکریت پسند پیراشوٹس کی مدد سے اسرائیل میں کیسے داخل ہوئے,فلسطین,2023-10-08,https://www.bbc.com/urdu/articles/cv2k4vy92wjo
"لائیو , شمالی غزہ سے فلسطینیوں کا انخلا شروع، حزب اللہ اسرائیل کے خلاف جنگ میں ’حماس کا ساتھ دینے کو تیار‘",فلسطین,2023-10-08,https://www.bbc.com/urdu/live/world-67097401
جدید ٹیکنالوجی اور طاقتور فوج بھی اسرائیل کو حماس کے طوفان الاقصیٰ آپریشن سے محفوظ کیوں نہ رکھ سکی؟,فلسطین,2023-10-08,https://www.bbc.com/urdu/articles/cnlwrwqrledo
"ویڈیو, غزہ میں اسرائیل کے حملوں کے بعد تباہی کے فضائی مناظردورانیہ, 0,33",فلسطین,2023-10-08,https://www.bbc.com/urdu/articles/c4nd536vnv6o
’سائے کا شہزادہ اور نو زندگیوں والی بلی‘: حماس کے اہم رہنما جو متعدد اسرائیلی قاتلانہ حملوں میں بال بال بچے,فلسطین,2023-10-08,https://www.bbc.com/urdu/articles/cd1rl1knl0ro
"ویڈیو, غزہ میں اسرائیلی فضائی حملوں سے ہونے والی تباہی کے مناظردورانیہ, 0,43",فلسطین,2023-10-08,https://www.bbc.com/urdu/articles/cd1l301d21lo
حماس کی قید میں موجود یرغمالی کون ہیں جو اسرائیل کے لیے ڈراؤنا خواب ثابت ہو سکتے ہیں؟,فلسطین,2023-10-08,https://www.bbc.com/urdu/articles/c6p47r95y7po
"لائیو , غزہ میں 450 کے قریب بچے ہلاک، اسرائیلی فوج کے سربراہ کا حماس کے حملوں کو روکنے میں ناکامی کا اعتراف",فلسطین,2023-10-08,https://www.bbc.com/urdu/live/world-67074266
"ویڈیو, اسرائیل کا ہائی ٹیک سکیورٹی نظام کیسے ناکام ہوا؟دورانیہ, 6,25",فلسطین,2023-10-08,https://www.bbc.com/urdu/articles/cv2lplqk851o
کفار عزہ جہاں حماس کے عسکریت پسندوں نے خاندانوں کو گھروں میں ہلاک کیا,فلسطین,2023-10-08,https://www.bbc.com/urdu/articles/cv240rg83ygo
غزہ کے خوفزدہ شہری، زمین بوس عمارتیں اور ویران بازار: ’آسمان سے موت برس رہی ہو تو آپ کہاں چھپ سکتے ہیں؟‘,فلسطین,2023-10-08,https://www.bbc.com/urdu/articles/c4n8lpy37e5o
"لائیو , غزہ کے ہسپتالوں میں جنریٹرز کے لیے محض چند روز کا ایندھن باقی، اقوام متحدہ نے عملے کے 11 کارکن ہلاک ہونے کی تصدیق کر دی",فلسطین,2023-10-08,https://www.bbc.com/urdu/live/world-67074261
’طوفان الاقصی آپریشن‘ اور عالم اسلام: ’حماس نے سعودی عرب، اسرائیل مذاکرات کے کمرے کا دروازہ توڑ دیا‘,فلسطین,2023-10-08,https://www.bbc.com/urdu/articles/cp9xjgj3dvgo
تتلی کا بوجھ: عاصمہ شیرازی کا کالم,فلسطین,2023-10-08,https://www.bbc.com/urdu/articles/cn08d7yg267o
حماس کا ’سرپرائز اٹیک‘: دفاعی صلاحیت میں سرِفہرست اسرائیلی فوج فوری ردعمل دینے میں ناکام کیوں رہی؟,فلسطین,2023-10-08,https://www.bbc.com/urdu/articles/cd1m370krd5o
’صحرا النقب‘ میں میوزک فیسٹیول پر حملے سے شروع ہونے والا حماس کا آپریشن: ’وہ پانچ گھنٹے کی ڈراؤنی فلم جیسا تھا‘,فلسطین,2023-10-08,https://www.bbc.com/urdu/articles/c14vwx8ey8go
"لائیو , ’یہ ایک شیطانی حملہ تھا، امریکہ اسرائیل کے ساتھ کھڑا ہے‘: امریکی صدر جو بائیڈن کا خطاب",فلسطین,2023-10-08,https://www.bbc.com/urdu/live/world-67061994
"ویڈیو, حماس اور اسرائیلی فوج کے ایک دوسرے پر میزائل حملے دورانیہ, 0,40",فلسطین,2023-10-08,https://www.bbc.com/urdu/articles/cy91n72pkg3o
حماس کا ’طوفان الاقصیٰ‘ آپریشن: وائرل ویڈیوز جو ہمیں بتاتی ہیں کہ اسرائیلی یرغمالیوں کو آخری بار کہاں دیکھا گیا,فلسطین,2023-10-08,https://www.bbc.com/urdu/articles/ce5437z067jo
حماس کا اسرائیل پر زمین، فضا اور آبی راستے سے ناقابل یقین حد تک برق رفتار حملہ کیسے ممکن ہوا؟,فلسطین,2023-10-08,https://www.bbc.com/urdu/articles/ce7jz069zd9o
حماس: ’سرنگوں کی جنگ‘ کی ماہر فلسطینی تنظیم عسکری قوت کیسے بنی اور یہ اسلحہ کہاں سے حاصل کرتی ہے؟,فلسطین,2023-10-08,https://www.bbc.com/urdu/articles/cp642llxl6po
"لائیو , اسرائیل کی جوابی کارروائی مشرق وسطیٰ کو بدل کر رکھ دے گی: نیتن یاہو",فلسطین,2023-10-08,https://www.bbc.com/urdu/live/world-67050706
حماس کے حملے نے اسرائیل کو چونکا دیا، لیکن آگے کیا ہوسکتا ہے؟,فلسطین,2023-10-08,https://www.bbc.com/urdu/articles/czrw48n2rw0o
مودی کی اسرائیل سے اظہار یکجہتی پر بحث: ’منی پور کے ساتھ بھی کھڑے ہونے کی ضرورت ہے‘,فلسطین,2023-10-08,https://www.bbc.com/urdu/articles/c8vl18d71pyo
فلسطین اور اسرائیل کا تنازع کیا ہے اور کیا اس کا کوئی حل ممکن ہے؟,فلسطین,2023-05-15,https://www.bbc.com/urdu/articles/ckd9rpjx22po
حماس کا چونکا دینے والا انتہائی پیچیدہ آپریشن، اسرائیل کی جوابی کارروائی اور امن کی کوششیں جو ناکام ہوتی رہیں,فلسطین,2023-05-15,https://www.bbc.com/urdu/articles/c97m9611nl9o
اسرائیلی انٹیلیجنس ایجنسیاں موساد اور شاباک حماس کے آپریشن ’طوفان الاقصیٰ‘ کو روکنے میں کیسے ناکام رہیں؟,فلسطین,2023-05-15,https://www.bbc.com/urdu/articles/c72k3ry0g61o
"لائیو , امریکی فوج کا اسرائیل کی مدد کے لیے بحری جہاز اور جنگی طیارے بھیجنے کا اعلان",فلسطین,2023-05-15,https://www.bbc.com/urdu/live/world-67044517
حماس کے ’طوفان الاقصیٰ‘ آپریشن میں 250 اسرائیلی جبکہ غزہ پر جوابی فضائی حملوں میں 232 فلسطینی ہلاک، متعدد اسرائیلی شہری اور فوجی یرغمال,فلسطین,2023-05-15,https://www.bbc.com/urdu/articles/cd1q26y5g81o
"ویڈیو, اسرائیلی جنگی طیاروں کی غزہ میں بمباری اور اس کے بعد ہونے والی تباہی کے مناظردورانیہ, 0,41",فلسطین,2023-05-15,https://www.bbc.com/urdu/articles/crg18rp39z7o
 حملوں کے بعد محصور اسرائیلی شہری: ’وہ میرے گھر میں گُھسنے کی کوشش کر رہے ہیں، میں ان کی آوازیں سن سکتی ہوں‘,فلسطین,2023-05-15,https://www.bbc.com/urdu/articles/cekmvxnke7mo
"ویڈیو, حماس راکٹ حملے اسرائیل کا ’حالتِ جنگ‘ کا اعلاندورانیہ, 1,23",فلسطین,2023-05-15,https://www.bbc.com/urdu/articles/c518g52zpgyo
یوم کپور: عرب ممالک کا وہ حملہ جس نے ’ناقابلِ تسخیر‘ اسرائیل کی سالمیت کو خطرے میں ڈالا,فلسطین,2023-05-15,https://www.bbc.com/urdu/articles/c28vw12d2v7o
مایوس فلسطینی نوجوان حکومت پر ’اسرائیلی خواہشات پر عمل پیرا‘ ہونے کا الزام کیوں لگاتے ہیں؟,فلسطین,2023-05-15,https://www.bbc.com/urdu/articles/c51qy8lyeq2o
اسرائیلی فوجی کا فلسطینی قیدی کے ساتھ سیکس سکینڈل، خواتین فوجیوں کی جیلوں میں تعیناتی پر پابندی,فلسطین,2023-05-15,https://www.bbc.com/urdu/articles/cqej2776dpqo
کیا ہم سب چائنا کا مال ہیں: محمد حنیف کا کالم,فلسطین,2023-05-15,https://www.bbc.com/urdu/articles/cv20k2qqyg5o
سعودی اور اسرائیلی حکام کے دورے اور قربتیں: ’ابھی طویل سفر طے کرنا ہے‘,فلسطین,2023-05-15,https://www.bbc.com/urdu/articles/cnk3yyyp53po
’اسرائیل کے ساتھ تعلقات معمول پر لانے کے قریب آ رہے ہیں۔۔۔ ایران نے جوہری ہتھیار حاصل کیے تو سعودی عرب بھی کرے گا: محمد بن سلمان,فلسطین,2023-05-15,https://www.bbc.com/urdu/articles/c6p7y15y56ko
اربوں ڈالر کی امداد اور مقبوضہ علاقوں پر کنٹرول: فلسطینیوں نے سعودی عرب، اسرائیل تعلقات بحالی ڈیل پر شرائط طے کر لیں,فلسطین,2023-05-15,https://www.bbc.com/urdu/articles/cjqnz1911ljo
گولڈا میئر: ’مشرق وسطیٰ کی صنف آہن‘ جن کی اسرائیل میں سیاسی میراث ایک جنگ نے ختم کر دی,فلسطین,2023-05-15,https://www.bbc.com/urdu/articles/c4n4qvpnne6o
اسرائیلی وزیر نے فلسطینیوں کے بارے میں ایسا کیا کہہ دیا کہ امریکہ نے بھی مذمت کر دی؟,فلسطین,2023-05-15,https://www.bbc.com/urdu/articles/cpe2ypx2jyqo
جب اسرائیل کے وزیر خارجہ موشے دایان بھیس بدل کر انڈیا کے خفیہ دورے پر آئے,فلسطین,2023-05-15,https://www.bbc.com/urdu/articles/c3g7rdk3d3qo
اسرائیل اور لبنان کیا پھر سے جنگ کی جانب بڑھ رہے ہیں؟,فلسطین,2023-05-15,https://www.bbc.com/urdu/articles/c3gd0ge9vpyo
اسرائیل کا مغربی کنارے کے جنین کیمپ میں فوجی آپریشن، نو فلسطینی ہلاک، 100 زخمی,فلسطین,2023-05-15,https://www.bbc.com/urdu/articles/c28p9rzn9zmo
ہتھیاروں سے بھرے ’التانیا‘ بحری جہاز پر وہ حملہ جو اسرائیل کو خاتمے کے دہانے پر لے آیا تھا,فلسطین,2023-05-15,https://www.bbc.com/urdu/articles/cd14ry7yw0vo
’گھر کیوں تباہ کرنا پڑے؟ کیا ان معذوروں نے راکٹ فائر کیے ہیں؟ جو کچھ ہو رہا ہے اس سے ہمارا کوئی لینا دینا نہیں‘,فلسطین,2023-05-15,https://www.bbc.com/urdu/articles/cqq97n70xp2o
سب سے زیادہ امریکی امداد حاصل کرنے والا ملک اسرائیل اتنی طاقتور ریاست کیسے بنا,فلسطین,2023-05-15,https://www.bbc.com/urdu/articles/cn01gly37xgo
نکبہ: ’قیامت کبریٰ‘ کیا ہے اور فلسطینی اس دن اپنے ہاتھوں میں چابیاں لے کر کیوں نکلتے ہیں؟,فلسطین,2023-05-15,https://www.bbc.com/urdu/articles/cp35r1xgk4ko
اسرائیلی فضائی حملے میں اسلامی جہاد کے تین کمانڈروں سمیت 12 فلسطینی ہلاک، القدس کا ’بدلہ‘ لینے کا اعلان,فلسطین,2022-12-04,https://www.bbc.com/urdu/articles/c2lppj4dzw4o
اسرائیل کی جیل میں 86 دن بھوک ہڑتال کے بعد فلسطینی  رہنما کا انتقال ,فلسطین,2022-12-04,https://www.bbc.com/urdu/articles/ceq620pqvd7o
اسرائیل نے اسلحہ سمگل کرنے کے الزام میں اردن کے رکنِ پارلیمان کو گرفتار کر لیا,فلسطین,2022-12-04,https://www.bbc.com/urdu/articles/c883ld7kj2yo
سعودی عرب اور ایران کے معاہدے پر ’پریشان‘ اسرائیل کن ممالک سے قربت بڑھانے پر مجبور ہو رہا ہے؟,فلسطین,2022-12-04,https://www.bbc.com/urdu/articles/c29nd6l393xo
اسرائیل فلسطین تنازع: امید اور امن کے درمیان وسیع خلیج جسے کم کرنے کے لیے کسی کے پاس کوئی منصوبہ نہیں,فلسطین,2022-12-04,https://www.bbc.com/urdu/articles/cv2vg70v8zlo
مسلمانوں اور یہودیوں کے لیے اہم مسجد اقصیٰ اتنی متنازع کیوں ہے؟,فلسطین,2022-12-04,https://www.bbc.com/urdu/articles/c98nd0ndzx5o
بیت المقدس میں بکرے کی قربانی کے منصوبے کی وجہ سے کشیدگی میں اضافہ کیوں ہوا؟,فلسطین,2022-12-04,https://www.bbc.com/urdu/articles/crg50rxq8jxo
بیت المقدس: مسجدِ اقصیٰ پر اسرائیلی پولیس کا دھاوا، 14 فلسطینی زخمی ,فلسطین,2022-12-04,https://www.bbc.com/urdu/articles/cd173egx45lo
اسرائیل میں عدالتی اصلاحات کے خلاف شدید احتجاج،  عوام نےسڑکیں اور ہوائی اڈے بلاک کر دیے,فلسطین,2022-12-04,https://www.bbc.com/urdu/articles/cx092pyqdl7o
’شیر کی کچھار‘: غصیلے اور پُرجوش جوانوں پر مشتمل نیا فلسطینی عسکریت پسند گروہ ’عرین الاسود‘ کیا ہے؟,فلسطین,2022-12-04,https://www.bbc.com/urdu/articles/ceqvqd857x3o
اسرائیلی فوج کا پناہ گزین کیمپ میں چھاپہ: چھ فلسطینی ہلاک، مغربی کنارے میں کشیدگی,فلسطین,2022-12-04,https://www.bbc.com/urdu/articles/c72dpy3kmnjo
فلسطینی دادی اسرائیلی آبادکاروں کے حملے میں اضافے کے باوجود اپنے گھر بار کو چھوڑنے کے لیے تیار نہیں,فلسطین,2022-12-04,https://www.bbc.com/urdu/articles/cjrwp01dz7ro
اسرائیل اور فلسطینیوں کے درمیان تشدد کی تازہ لہر اور تیسرے انتفادہ کا خدشہ,فلسطین,2022-12-04,https://www.bbc.com/urdu/articles/cek349zvgkko
نابلس میں اسرائیلی فوج کے آپریشن میں 11 فلسطینیوں کی ہلاکت کے بعد غزہ کی پٹی پر بمباری,فلسطین,2022-12-04,https://www.bbc.com/urdu/articles/c4nz49gzkg8o
"’میں اس قبرستان کا بیٹا ہوں‘: خاندان جو 100 برسوں سے عالمی جنگ کے فوجیوں کی قبروں کی دیکھ بھال کر رہا ہے",فلسطین,2022-12-04,https://www.bbc.com/urdu/articles/cjly230799ro
یروشلم حملوں کا فوری اور بھرپور جواب دیا جائے گا: نتن یاہو,فلسطین,2022-12-04,https://www.bbc.com/urdu/articles/cldldw3enr5o
مقبوضہ غربِ اردن میں اسرائیلی حملے میں نو فلسطینی ہلاک,فلسطین,2022-12-04,https://www.bbc.com/urdu/articles/c2jgd8kgv53o
مسجد اقصیٰ مسلمانوں اور یہودیوں دونوں کے لیے اہم کیوں؟,فلسطین,2022-12-04,https://www.bbc.com/urdu/articles/c0j8g951p1vo
اسرائیلی وزیر کا دورہ مسجد اقصیٰ: عرب ممالک اور ترکی کی تنقید، ’یہ علاقہ فلسطین اور اسلام کا ہی رہے گا‘,فلسطین,2022-12-04,https://www.bbc.com/urdu/articles/cpw14l6p806o
فلسطین پر اقوام متحدہ کی قرارداد پر اسرائیل برہم، انڈیا کا کیا موقف تھا؟,فلسطین,2022-12-04,https://www.bbc.com/urdu/articles/cy0k35mmxkvo
ورلڈ کپ کی ’33ویں ٹیم‘ فلسطین کی قطر کے میدان سے لے کر گلیوں تک میں دھوم,فلسطین,2022-12-04,https://www.bbc.com/urdu/articles/c2jmxzn8xr5o
"ویڈیو, 2022 فلسطینیوں کے لیے ایک خون ریز سالدورانیہ, 7,26",فلسطین,2022-12-04,https://www.bbc.com/urdu/articles/cpw4ywvw7zno
الجزیرہ نے صحافی شیریں ابو عاقلہ کے قتل کا مقدمہ عالمی عدالت میں دائر کر دیا,فلسطین,2022-12-04,https://www.bbc.com/urdu/articles/c0x7v7p379qo
"مقبوضہ غربِ اردن میں نوجوان کی ہلاکت کی فوٹیج نے اسرائیل کے طاقت کے استعمال کو ظاہر کر دیا",فلسطین,2022-12-04,https://www.bbc.com/urdu/articles/cy70pypn14ro
چین میں زیرو کووڈ: گوانگژو میں پرتشدد جھڑپیں، کورونا وائرس کے کنٹرول کے لیے اٹھائے جانے والے اقدامات متاثر,فلسطین,2022-04-22,https://www.bbc.com/urdu/articles/c2e93pjm556o
اسرائیل شیریں ابو عاقلہ کی ہلاکت پر امریکی تحقیقات میں تعاون نہیں کرے گا,فلسطین,2022-04-22,https://www.bbc.com/urdu/articles/cg6vy7d9e3ro
مغربی کنارے میں ہلاک ہونے والے فلسطینیوں کی تعداد 100 تک پہنچ گئی,فلسطین,2022-04-22,https://www.bbc.com/urdu/world-63108789
برطانیہ کا اسرائیل میں سفارت خانہ یروشلم منتقل کرنے پر غور، فلسطین کا احتجاج,فلسطین,2022-04-22,https://www.bbc.com/urdu/world-63018822
قوی امکان ہے کہ صحافی شیریں ابو عاقلہ کو ہمارے فوجی نے ہلاک کیا: اسرائیلی فوج,فلسطین,2022-04-22,https://www.bbc.com/urdu/world-62802879
’خدا کا غضب‘ فلسطینی گروپ کے خلاف اسرائیل کا خفیہ آپریشن,فلسطین,2022-04-22,https://www.bbc.com/urdu/world-62797667
اسرائیل کا نیا قانون: فلسطینی سے محبت ہونے پر غیر ملکی اسرائیل کو مطلع کرنے کے پابند ہوں گے,فلسطین,2022-04-22,https://www.bbc.com/urdu/world-62777175
ترکی اور اسرائیل کے درمیان تعلقات کی بحالی، سفارتکار واپس بھیجنے پر اتفاق,فلسطین,2022-04-22,https://www.bbc.com/urdu/world-62578963
سعودی عرب، اسرائیل تعلقات میں صنافیر اور تیران کے غیر آباد جزائر کیا کردار ادا کر سکتے ہیں؟,فلسطین,2022-04-22,https://www.bbc.com/urdu/world-62195630
بائیڈن، سلمان ملاقات میں ’تلخ سوالات‘: بات خاشقجی سے شیریں ابو عاقلہ کے قتل تک کیسے پہنچی؟,فلسطین,2022-04-22,https://www.bbc.com/urdu/world-62184444
صدر بائیڈن کی اسرائیل مخالف ’ترقی پسند ڈیموکریٹس‘ کی مذمت,فلسطین,2022-04-22,https://www.bbc.com/urdu/world-62152800
امریکی صدر مشرق وسطیٰ کے پہلے دورے سے کیا حاصل کرنا چاہتے ہیں؟,فلسطین,2022-04-22,https://www.bbc.com/urdu/world-62110973
بین اینڈ جیری آئس کریم بنانے والے یہودی بستیوں میں اس کی فروخت پر ناخوش,فلسطین,2022-04-22,https://www.bbc.com/urdu/world-61997372
حماس نے مغوی اسرائیلی شہری کی مبینہ ویڈیو جاری کر دی,فلسطین,2022-04-22,https://www.bbc.com/urdu/world-61977184
اقوام متحدہ: صحافی شیریں ابو عاقلہ کو عسکریت پسندوں نے نہیں بلکہ اسرائیلی فورسز نے قتل کیا,فلسطین,2022-04-22,https://www.bbc.com/urdu/world-61410948
پاکستانی نژاد امریکی شہریوں کا دورہ اسرائیل: ’برائے مہربانی اپنی سیاسی لڑائیاں خود لڑیں‘,فلسطین,2022-04-22,https://www.bbc.com/urdu/pakistan-61463954
یروشلم پر اسرائیلی قبضہ کی یاد: اسرائیلی نوجوان آج مسلم اکثریتی علاقوں سے مارچ کریں گے,فلسطین,2022-04-22,https://www.bbc.com/urdu/world-61621203
اسرائیلی فوج نے ’جان بوجھ کر‘ صحافی شیریں ابو عاقلہ کو نشانہ بنایا: فلسطینی حکام,فلسطین,2022-04-22,https://www.bbc.com/urdu/world-61603596
اسرائیل عرب جنگ کا ’ہیرو‘ موشے دایان جس نے انڈیا کا خفیہ دورہ کیا,فلسطین,2022-04-22,https://www.bbc.com/urdu/world-61468966
"ویڈیو, شیریں ابو عاقلہ: ’وہ بہادری، دلیری اور ایمانداری کی علامت تھیں‘دورانیہ, 2,16",فلسطین,2022-04-22,https://www.bbc.com/urdu/world-61447878
اسرائیلی پولیس کا شیریں ابو عاقلہ کے جنازے پر دھاوا، سوگواروں پر تشدد,فلسطین,2022-04-22,https://www.bbc.com/urdu/world-61447007
اسرائیل: ایلعاد میں حملے میں تین افراد ہلاک، عدالتی فیصلے کے بعد فلسطینیوں کو نکالنے کی راہ ہموار,فلسطین,2022-04-22,https://www.bbc.com/urdu/world-61346165
"ویڈیو, مقبوضہ بیت المقدِس: رمضان ایک بار پھر تشدد کے سائے میںدورانیہ, 9,54",فلسطین,2022-04-22,https://www.bbc.com/urdu/media-61193687
مسجد الاقصیٰ میں پولیس کا نمازیوں پر دھاوا، 11 فلسطینی زخمی,فلسطین,2022-04-22,https://www.bbc.com/urdu/world-61191333
’جمہوریت کی چیمپیئن‘ کہلائی جانے والی پہلی خاتون امریکی وزیر خارجہ میڈلین البرائٹ کی وفات,فلسطین,2021-06-06,https://www.bbc.com/urdu/world-60857186
امریکی ماڈل کا فلسطین کے لیے امداد کا اعلان فیشن میگزین پر تنقید کا باعث کیسے بنا,فلسطین,2021-06-06,https://www.bbc.com/urdu/entertainment-60672697
عوامی مخالفت کے باوجود بحرین اور اسرائیل کے تعلقات میں بہتری کیوں آ رہی ہے؟,فلسطین,2021-06-06,https://www.bbc.com/urdu/world-60399202
اسرائیل ایک نسل پرست ریاست ہے: ایمنسٹی انٹرنیشنل,فلسطین,2021-06-06,https://www.bbc.com/urdu/world-60219994
یاسر عرفات: فلسطینی رہنما جن کی خالی پستول بھی اُن کے دشمنوں کو خوفزدہ رکھتی تھی,فلسطین,2021-06-06,https://www.bbc.com/urdu/world-60035170
فلسطین میں غزہ کی پٹی پر بمباری: ’آدھی رات کو اسرائیل نے نئی جارحیت کا آغاز کیا‘,فلسطین,2021-06-06,https://www.bbc.com/urdu/world-59850598
کیا دنیا کا سب سے زیادہ مسلم آبادی والا ملک انڈونیشیا بھی اسرائیل کو تسلیم کرنے جا رہا ہے؟,فلسطین,2021-06-06,https://www.bbc.com/urdu/world-59793483
جب امریکہ نے برطانیہ، فرانس اور اسرائیل کی نہر سوئز پر قبضے کی کوشش ناکام بنائی,فلسطین,2021-06-06,https://www.bbc.com/urdu/world-59085915
موساد کا 35 سال قبل لاپتہ ہونے والے اسرائیلی ہواباز کے سراغ کے لیے ’دلیرانہ’ آپریشن,فلسطین,2021-06-06,https://www.bbc.com/urdu/world-58812761
اسرائیلی وزیر خارجہ کا مانامہ کا دورہ: 'ہم بحرین کی سرزمین پر اتر چکے ہیں‘,فلسطین,2021-06-06,https://www.bbc.com/urdu/world-58749921
اسرائیلی جیل سے فلسطینی قیدیوں کے فرار اور پھر گرفتاری کی مکمل کہانی,فلسطین,2021-06-06,https://www.bbc.com/urdu/world-58727661
اسرائیل، بحرین اور متحدہ عرب امارات کے سفارتی تعلقات کی بحالی سے فائدہ کس کو ہوا؟,فلسطین,2021-06-06,https://www.bbc.com/urdu/world-58689073
اسرائیل: سرنگ کھود کر فرار ہونے والے چھ فلسطینی قیدیوں میں سے چار پکڑے گئے,فلسطین,2021-06-06,https://www.bbc.com/urdu/world-58464149
اسرائیلی جیل سے فرار ہونے والے فلسطینوں میں سے چار کو پکڑ لیا گیا,فلسطین,2021-06-06,https://www.bbc.com/urdu/world-58529773
پیگاسس کے ذریعے جاسوسی: دبئی کی شہزادیوں کے نمبر بھی فہرست میں شامل,فلسطین,2021-06-06,https://www.bbc.com/urdu/world-57926378
مقبوضہ فلسطینی علاقوں میں آئس کریم کی فروخت سے انکار پر اسرائیل اتنا پریشان کیوں؟,فلسطین,2021-06-06,https://www.bbc.com/urdu/world-57909571
فلسطین نے اسرائیل کی دی گئی دس لاکھ کورونا ویکسین کی خوراکیں لینے سے انکار کر دیا,فلسطین,2021-06-06,https://www.bbc.com/urdu/world-57536721
آتش گیر غبارے چھوڑے جانے کے بعد اسرائیل کا غزہ پر دوبارہ فضائی حملہ,فلسطین,2021-06-06,https://www.bbc.com/urdu/world-57493616
بنیامن نیتن یاہو: موقع پرست اور ہوشیار رہنما جو نئے اسرائیل کی پہچان بنے,فلسطین,2021-06-06,https://www.bbc.com/urdu/world-57467267
بنیامین نیتن یاہو: ایلیٹ کمانڈو سے وزارت عظمیٰ تک کا سفر,فلسطین,2021-06-06,https://www.bbc.com/urdu/world-56972806
غزہ: ’جنگ ختم ہو چکی، اب مجھے اپنا خوبصورت گھر واپس چاہیے‘,فلسطین,2021-06-06,https://www.bbc.com/urdu/world-57423448
مشرقی یروشلم میں اسرائیلی حکام کی جانب سے فلسطینی بہن بھائی کی حراست، گھنٹوں بعد رہائی,فلسطین,2021-06-06,https://www.bbc.com/urdu/world-57379465
اسرائیل سے 11 روزہ جنگ فوجی صلاحیتوں کو آزمانے کا موقع تھا: حماس رہنما,فلسطین,2021-06-06,https://www.bbc.com/urdu/world-57373605
وہ جنگ جس نے مشرقِ وسطیٰ کو بدل کر رکھ دیا,فلسطین,2021-06-06,https://www.bbc.com/urdu/world-40186083
اسرائیل: نئی حکومت میں ’کنگ میکر‘ عرب رہنما منصور عباس کا کردار,فلسطین,2021-05-17,https://www.bbc.com/urdu/world-57367973
انسانی حقوق کا ’چیمپیئن‘ پاکستان خود شیشے کے محل کا مکین ہے: اسرائیلی وزارت خارجہ,فلسطین,2021-05-17,https://www.bbc.com/urdu/world-57279147
’میرے چار بھائی فضائی حملوں کے بعد ایسے مشتعل ہو جاتے کہ کبھی کبھی وہ مجھے مارنے لگتے‘,فلسطین,2021-05-17,https://www.bbc.com/urdu/world-57255720
11 روزہ لڑائی کے بعد کیا شیخ جراح سے فلسطینی شہریوں کی بیدخلی کا خطرہ ٹل چکا؟,فلسطین,2021-05-17,https://www.bbc.com/urdu/world-57111935
امریکہ کا فلسطین میں سفارتخانہ بحال کرنے اور مالی امداد فراہم کرنے کا اعلان,فلسطین,2021-05-17,https://www.bbc.com/urdu/world-57263981
اسرائیلی طیارے کو اغوا کرنے والی فلسطینی خاتون لیلیٰ خالد کو رہا کیسے کروایا گیا؟,فلسطین,2021-05-17,https://www.bbc.com/urdu/world-57210293
امریکہ اسرائیل کو امداد کیوں دیتا ہے اور یہ پیسے کہاں استعمال ہوتے ہیں؟,فلسطین,2021-05-17,https://www.bbc.com/urdu/world-57232293
شاہ محمود قریشی کا وطن واپسی پر استقبال: ’بہارو پھول برساؤ میرا باس آیا ہے‘,فلسطین,2021-05-17,https://www.bbc.com/urdu/pakistan-57228586
اسرائیل اور فلسطین کو درپیش داخلی چیلنجز کے بیچ سیزفائر کتنا دیرپا ثابت ہو گا؟,فلسطین,2021-05-17,https://www.bbc.com/urdu/world-57224231
بلیک ستمبر: کیا 1970 میں فلسطینیوں کے ’قتل عام‘ میں ضیاالحق بھی ملوث تھے؟,فلسطین,2021-05-17,https://www.bbc.com/urdu/pakistan-57208932
اسرائیل، غزہ تنازع پر امریکہ کے ڈیموکریٹس میں بنیادی تبدیلی,فلسطین,2021-05-17,https://www.bbc.com/urdu/world-57210202
’ایک طرف وہ ہیں جو فالوورز کھونے کے ڈر سے خاموش ہیں، دوسری طرف زویا ناصر ہیں‘,فلسطین,2021-05-17,https://www.bbc.com/urdu/entertainment-57214210
اسرائیل اور حماس کے درمیان سیز فائر کے بعد غزہ میں امدادی سامان کی آمد,فلسطین,2021-05-17,https://www.bbc.com/urdu/world-57196796
اسرائیلی پابندیوں میں غزہ کے لوگ کیسے رہتے ہیں؟ روز مرہ زندگی کی ایک جھلک,فلسطین,2021-05-17,https://www.bbc.com/urdu/world-57196798
غزہ احتجاج، لڑکیاں اور ایک چینل: یہ گجرے خریدنا کب سے فحاشی ہو گیا؟,فلسطین,2021-05-17,https://www.bbc.com/urdu/pakistan-57202930
شاہ محمود قریشی پر ’یہود مخالف‘ بیان دینے کا الزام کیوں لگایا جا رہا ہے؟,فلسطین,2021-05-17,https://www.bbc.com/urdu/pakistan-57199315
غزہ میں مارے جانے والے بچے: ’اب میرے پاس صرف اس کی یاد ہے اور گھر میں اس کی خوشبو‘,فلسطین,2021-05-17,https://www.bbc.com/urdu/world-57174863
"لائیو , اسرائیل حماس کے درمیان جنگ بندی پر اتفاق، بائیڈن کا معاہدے کا خیر مقدم",فلسطین,2021-05-17,https://www.bbc.com/urdu/live/world-57181516
'پتہ نہیں تھا کہ ایک نعرہ تحریر کرنے پر 50 گھنٹے قید میں گزارنے پڑیں گے',فلسطین,2021-05-17,https://www.bbc.com/urdu/regional-57166815
اسرائیل فلسطین تنازع: 'خان یونس کے قصائی' یحییٰ السنوار کے گھر پر حملہ,فلسطین,2021-05-17,https://www.bbc.com/urdu/world-57157708
غزہ گوگل پر دھندلا کیوں دکھائی دیتا ہے؟,فلسطین,2021-05-17,https://www.bbc.com/urdu/world-56972254
عاصمہ شیرازی کا کالم: فلسطین۔۔۔ اوہ، آئی سی!,فلسطین,2021-05-17,https://www.bbc.com/urdu/world-57153660
اسرائیل فلسطین تنازعے میں کون سا ملک کس کے ساتھ کھڑا ہے,فلسطین,2021-05-17,https://www.bbc.com/urdu/world-57150591
اسرائیلی یہودی اور فلسطینی مسلمانوں کے ہاں دو ہفتے قیام,فلسطین,2021-05-17,https://www.bbc.com/urdu/world-57144892
چھ سالہ بچی جو ’گھر اور خاندان اجاڑ دینے والے‘ اسرائیلی حملے میں زندہ بچ گئی,فلسطین,2021-05-12,https://www.bbc.com/urdu/world-57139964
کیا حماس اور اسرائیل بین الاقوامی قوانین پر عمل کر رہے ہیں؟,فلسطین,2021-05-12,https://www.bbc.com/urdu/world-57138532
اُمتِ مسلمہ کی کانپتی ٹانگیں: محمد حنیف کا کالم,فلسطین,2021-05-12,https://www.bbc.com/urdu/world-57139959
"لائیو , امریکی صدر کا اسرائیل کو پیغام: ’آج سے کشیدگی میں کمی کی توقع‘",فلسطین,2021-05-12,https://www.bbc.com/urdu/live/world-57139979
اسرائیلی وزیراعظم نیتن یاہو: غزہ میں فوجی آپریشن ’پوری طاقت کے ساتھ‘ جاری رہے گا,فلسطین,2021-05-12,https://www.bbc.com/urdu/world-57125693
نیتن یاہو کے شکریے سے انڈیا کا نام غائب، حامی انڈین صارفین کو طعنے,فلسطین,2021-05-12,https://www.bbc.com/urdu/regional-57135710
’اسرائیلیوں کو اندازہ نہیں تھا کہ ٹک ٹاک اتنا مؤثر پلیٹ فارم ثابت ہوگا‘,فلسطین,2021-05-12,https://www.bbc.com/urdu/world-57135709
اسرائیل کم از کم منافق نہیں ہے,فلسطین,2021-05-12,https://www.bbc.com/urdu/science-57127724
فلسطین اور محمود درویش کی نظم,فلسطین,2021-05-12,https://www.bbc.com/urdu/world-57131425
اسرائیلی فلسطینی کون ہیں اور اسرائیل میں اُن کی زندگی کیسی ہے؟,فلسطین,2021-05-12,https://www.bbc.com/urdu/world-57129165
حماس کے ہتھیاروں کی طاقت اور کمزوریاں کیا ہیں؟,فلسطین,2021-05-12,https://www.bbc.com/urdu/world-57111933
عربوں اور اسرائیل کے تعلقات معمول پر آ سکیں گے؟,فلسطین,2021-05-12,https://www.bbc.com/urdu/world-56972250
اسرائیل، فلسطین تنازع: غزہ میں ہلاکتوں کی تعداد 126 ہو گئی، دنیا کے کئی شہروں میں مظاہرے,فلسطین,2021-05-12,https://www.bbc.com/urdu/world-57111834
خلا سے غزہ: اسرائیلی حملوں سے ہونے والی تباہی کی لی گئی تصاویر,فلسطین,2021-05-12,https://www.bbc.com/urdu/world-57111100
اسرائیل کادفاعی نظام آئرن ڈوم کیا ہے؟,فلسطین,2021-05-12,https://www.bbc.com/urdu/world-57111101
’آپ روتے چیختے بچوں کی آوازوں کے عادی نہیں ہو سکتے‘,فلسطین,2021-05-12,https://www.bbc.com/urdu/world-57111926
غزہ پر اسرائیلی بمباری سے 119 ہلاک، اقوام متحدہ کا اجلاس اتوار کو طلب,فلسطین,2021-05-12,https://www.bbc.com/urdu/world-57111099
غزہ اور بیت المقدس میں کشیدگی کے باوجود عید کا جشن,فلسطین,2021-05-12,https://www.bbc.com/urdu/world-57098394
یروشلم دنیا کا سب سے متنازع شہر کیوں؟,فلسطین,2021-05-12,https://www.bbc.com/urdu/world-42248114
اسرائیلی فلسطینی تنازع: ہر کچھ سال کے بعد ایک سنگین اور پرتشدد بحران,فلسطین,2021-05-12,https://www.bbc.com/urdu/world-57063021
"ویڈیو, اسرائیلی حملے سے غزہ میں رہائشی ٹاور کی تباہی کے مناظردورانیہ, 0,42",فلسطین,2021-05-12,https://www.bbc.com/urdu/world-57084670
غزہ میں اسرائیلی حملوں سے ہونے والی تباہی اور ’آئرن ڈوم‘,فلسطین,2021-05-12,https://www.bbc.com/urdu/world-57083062
’غزہ میں لڑائی کی تباہ کن قیمت عام شہری ادا کر رہے ہیں‘,فلسطین,2021-05-12,https://www.bbc.com/urdu/world-57084668
اسرائیلی شہر لُد میں ہنگامی صورتحال، غزہ میں حملے کے جواب میں تل ابیب پر ’130 راکٹ فائر‘,فلسطین,2021-05-12,https://www.bbc.com/urdu/world-57058026
اسرائیل، فلسطین تنازع کتنا پرانا ہے اور اس وقت بیت المقدس میں کیا ہو رہا ہے؟,فلسطین,2020-08-22,https://www.bbc.com/urdu/world-57067601
شيخ جراح: یہودی آباد کاروں اور فلسطینیوں کے درمیان ایک ’میدان جنگ‘,فلسطین,2020-08-22,https://www.bbc.com/urdu/world-57045329
بیت المقدس میں جھڑپیں جاری، دو روز میں 250 سے زیادہ فلسطینی زخمی,فلسطین,2020-08-22,https://www.bbc.com/urdu/world-57035487
اسرائیل پر 15 برس حکمرانی کرنے والے ’جادوگر‘ رہنما کا کمانڈو سے وزیرِ اعظم تک کا سفر,فلسطین,2020-08-22,https://www.bbc.com/urdu/world-56988793
برطانیہ اور فرانس کے درمیان مشرقِ وسطیٰ کے تیل کی بندربانٹ کیسے ہوئی,فلسطین,2020-08-22,https://www.bbc.com/urdu/world-56901053
اسرائیل کے غیر فیصلہ کن نتائج کے بعد کیا ایک عرب جماعت ’کِنگ میکر‘ ثابت ہوگی؟,فلسطین,2020-08-22,https://www.bbc.com/urdu/world-56616419
اسرائیلی انتخابی نتائج میں حیران کن پیشرفت: اقتدار کی کنجی مسلمان رہنما کے ہاتھ میں؟,فلسطین,2020-08-22,https://www.bbc.com/urdu/world-56517818
انٹرنیشنل کریمنل کورٹ نے غرب اردن اور غزہ میں جنگی جرائم کی تحقیقات شروع کر دی,فلسطین,2020-08-22,https://www.bbc.com/urdu/world-56273410
سعودی عرب سمیت مشرق وسطیٰ کے مختلف ممالک میں برفباری کے بکھرتے رنگ,فلسطین,2020-08-22,https://www.bbc.com/urdu/world-56110392
فلسطینی علاقوں میں جنگی جرائم اور مظالم کے بارے میں فیصلے کا دائرہ اختیار حاصل ہے: آئی سی سی,فلسطین,2020-08-22,https://www.bbc.com/urdu/world-55958455
کیا اسرائیل کبھی بھی فلسطین کو ایک ملک نہیں بننے دے گا؟,فلسطین,2020-08-22,https://www.bbc.com/urdu/world-55451283
فلسطین کا وہ گرجا گھر جہاں بے اولاد افراد کی ’مرادیں پوری ہوتی ہیں‘,فلسطین,2020-08-22,https://www.bbc.com/urdu/world-55387325
فلسطین کے دو ریاستی حل کے حامی رہنما صائب عریقات کون تھے؟,فلسطین,2020-08-22,https://www.bbc.com/urdu/world-54892362
بحرین مشرق وسطیٰ میں اسرائیل سے سفارتی تعلقات قائم کرنے والا چوتھا ملک بن گیا,فلسطین,2020-08-22,https://www.bbc.com/urdu/pakistan-54595565
کیا سعودی عرب، اسرائیل کے ساتھ تاریخی امن معاہدہ کرنے جا رہا ہے؟,فلسطین,2020-08-22,https://www.bbc.com/urdu/world-54489996
زوم نے فلسطینی ہائی جیکر لیلیٰ خالد کی تقریر کیوں رکوائی؟,فلسطین,2020-08-22,https://www.bbc.com/urdu/world-54291462
مسئلہ فلسطین کے حل کے بغیر امن کا قیام کس حد تک ممکن,فلسطین,2020-08-22,https://www.bbc.com/urdu/world-54189393
کیا اسرائیل کے ساتھ سفارتی تعلقات قائم کرنے والا اگلا عرب ملک عمان ہو گا؟,فلسطین,2020-08-22,https://www.bbc.com/urdu/world-54158034
امریکی صدر ٹرمپ کی جانب سے اسرائیل اور بحرین کے درمیان امن معاہدے کا اعلان,فلسطین,2020-08-22,https://www.bbc.com/urdu/world-54120222
’کیا محمد بن زاید نتن یاہو کے ساتھ تصویر بنوانے سے ڈرتے ہیں؟‘,فلسطین,2020-08-22,https://www.bbc.com/urdu/world-54083482
آزاد فلسطینی ریاست کے قیام تک اسرائیل سے تعلقات قائم نہیں ہو سکتے: سعودی عرب,فلسطین,2020-08-22,https://www.bbc.com/urdu/world-54053192
اسرائیل عرب ممالک کے قریب کیوں آنا چاہتا ہے؟,فلسطین,2020-08-22,https://www.bbc.com/urdu/world-53999879
فلسطینی خاتون ہائی جیکر جس کی رہائی کے بدلے درجنوں یرغمالیوں کی زندگی بچی,فلسطین,2020-08-22,https://www.bbc.com/urdu/world-53961140
اسرائیل کے حملے جاری رہے تو جنگ سے نہیں ہچکچائیں گے: حماس,فلسطین,2020-08-22,https://www.bbc.com/urdu/world-53872413
کیا امارات، اسرائیل معاہدے میں ایک فلسطینی شہری کا بھی اہم کردار ہے؟,فلسطین,2020-02-17,https://www.bbc.com/urdu/world-53864461
غرب اردن میں اسرائیلی بستیاں کیوں پائی جاتی ہیں؟,فلسطین,2020-02-17,https://www.bbc.com/urdu/world-53250221
اسرائیل اور متحدہ عرب امارات کے معاہدے کے چند روز بعد اسرائیل کے غزہ پر فضائی حملے,فلسطین,2020-02-17,https://www.bbc.com/urdu/world-53855663
سعودی عرب: ’فلسطینیوں کے ساتھ امن قائم ہونے تک اسرائیل سے تعلقات ممکن نہیں‘,فلسطین,2020-02-17,https://www.bbc.com/urdu/world-53842577
اسرائیل اور یو اے ای معاہدہ: اسرائیل کی نظر اب سعودی فضائی حدود پر,فلسطین,2020-02-17,https://www.bbc.com/urdu/world-53818486
تاریخی معاہدے کے بعد اسرائیل اور یو اے ای کے درمیان ٹیلیفون رابطہ بحال,فلسطین,2020-02-17,https://www.bbc.com/urdu/world-53803416
'ڈیئر عربز! ہم غریب ضرور ہیں لیکن بے شرم نہیں',فلسطین,2020-02-17,https://www.bbc.com/urdu/world-53765984
بیلا حدید کا فلسطین کنیکشن: ’میرے والد آپ کے لیے اپنی جائے پیدائش تبدیل کر لیں؟‘,فلسطین,2020-02-17,https://www.bbc.com/urdu/world-53327084
یورپی ارکان پارلیمان کی غرب اردن کے اسرائیل میں انضمام کی مخالفت,فلسطین,2020-02-17,https://www.bbc.com/urdu/world-53173939
توہین مذہب کے الزام میں قید جوڑے کی اپیل پر فیصلہ پھر مؤخر,فلسطین,2020-02-17,https://www.bbc.com/urdu/pakistan-52900986
ذہنی معذور فلسطینی نوجوان کی ہلاکت پر غم و غصہ,فلسطین,2020-02-17,https://www.bbc.com/urdu/world-52886207
یروشلم سے آگے,فلسطین,2020-02-17,https://www.bbc.com/urdu/world-44158476
شتیلہ کے کیمپ میں حیفا والے گھر کی چابی آج بھی لٹکی ہے,فلسطین,2020-02-17,https://www.bbc.com/urdu/world-52836001
سنہ 2015 میں فلسطینی خاندان کے قتل کے مشہور مقدمے کا فیصلہ، یہودی آبادکار مجرم قرار,فلسطین,2020-02-17,https://www.bbc.com/urdu/world-52711428
اسرائیل: نیتن یاہو 18 ماہ کے لیے وزیر اعظم، اتحادی حکومت نے حلف اٹھا لیا,فلسطین,2020-02-17,https://www.bbc.com/urdu/world-52700406
کورونا وائرس کے علاوہ دنیا کو مزید کن پانچ مسائل کا سامنا ہے,فلسطین,2020-02-17,https://www.bbc.com/urdu/world-52658259
اسرائیل: وائرس سے نمٹنے کے لیے اپنے ہی شہریوں پر جاسوسی کے آلات کا استعمال,فلسطین,2020-02-17,https://www.bbc.com/urdu/world-52629550
یروشلم میں بابا فرید کی سرائے,فلسطین,2020-02-17,https://www.bbc.com/urdu/world-42845341
یروشلم: سات ہزار برسوں کی خون آلود تاریخ,فلسطین,2020-02-17,https://www.bbc.com/urdu/world-42233541
بیت اللحم کے مقدس اور تاریخی شہر کا ایک نیا انداز,فلسطین,2020-02-17,https://www.bbc.com/urdu/vert-tra-52230363
"ویڈیو, غزہ کورونا وائرس کے محاصرے میںدورانیہ, 2,25",فلسطین,2020-02-17,https://www.bbc.com/urdu/world-52198147
متنازع اسرائیلی سائبر سکیورٹی کمپنی کا سافٹ ویئر کن ممالک نے خریدا؟,فلسطین,2020-02-17,https://www.bbc.com/urdu/world-52138664
اسرائیل کا غزہ اور شام میں فضائی حملے کا دعویٰ,فلسطین,2020-02-17,https://www.bbc.com/urdu/world-51610210
اسرائیلی فوجیوں کو ’نقلی خواتین‘ کے ذریعے ورغلایا گیا,فلسطین,2020-02-17,https://www.bbc.com/urdu/world-51536864
سعودی عرب نے او آئی سی میں آنے سے روک دیا: ایران کا الزام,فلسطین,2019-08-21,https://www.bbc.com/urdu/regional-51353475
’اسرائیل، فلسطین امن منصوبہ شرمناک اور قابل نفرت ہے‘,فلسطین,2019-08-21,https://www.bbc.com/urdu/world-51345105
’امید ہے عرب ممالک فلسطینیوں کا سودا نہیں کریں گے‘,فلسطین,2019-08-21,https://www.bbc.com/urdu/world-51322901
مغربی کنارے میں اسرائیلی بستیوں کا معاملہ کیا ہے,فلسطین,2019-08-21,https://www.bbc.com/urdu/world-51297458
ٹرمپ کا امن منصوبہ: ’صدی کی عظیم ڈیل بہت بڑا جوا ہے‘,فلسطین,2019-08-21,https://www.bbc.com/urdu/world-51291515
ٹرمپ کے مجوزہ مشرقِ وسطیٰ امن منصوبے میں کیا ہے؟,فلسطین,2019-08-21,https://www.bbc.com/urdu/world-51283900
فرانسیسی صدر میکخواں نے اسرائیلی پولیس کو ڈانٹ دیا,فلسطین,2019-08-21,https://www.bbc.com/urdu/world-51224524
محمدبن سلمان، حسن نصراللہ، نیتن یاہو کیا سوچ رہے ہیں؟,فلسطین,2019-08-21,https://www.bbc.com/urdu/world-51074574
اسرائیلی فوجی جس کی باقیات کے بدلے دو شامی رہا ہوئے,فلسطین,2019-08-21,https://www.bbc.com/urdu/world-51071760
مقدس شہر بیت لحم میں کرسمس کے رنگ,فلسطین,2019-08-21,https://www.bbc.com/urdu/world-50901406
لاکھوں اسرائیلی فلسطینی علاقوں میں کیوں رہتے ہیں؟,فلسطین,2019-08-21,https://www.bbc.com/urdu/world-50494591
اسرائیل کا شام میں ایرانی فورسز پر فضائی حملے کا دعویٰ,فلسطین,2019-08-21,https://www.bbc.com/urdu/world-50486175
فلسطین:’یہودی بستیوں پر امریکی بیان ’جنگل راج‘ کی توثیق ہے‘,فلسطین,2019-08-21,https://www.bbc.com/urdu/world-50468440
جنگ بندی کے بعد اسرائیل پر راکٹ داغے گئے,فلسطین,2019-08-21,https://www.bbc.com/urdu/world-50417067
فلسطینی کمانڈر بہا ابوالعطا کی ہلاکت کے بعد کشیدگی,فلسطین,2019-08-21,https://www.bbc.com/urdu/world-50390877
اسرائیلی کسانوں کو اُردن میں داخل ہونے سے کیوں روکا گیا؟,فلسطین,2019-08-21,https://www.bbc.com/urdu/world-50370455
اسرائیل کے انتخابات میں ’کوئی واضح فاتح نہیں‘,فلسطین,2019-08-21,https://www.bbc.com/urdu/world-49728631
مقبوصہ غرب اردن سے متعلق اسرائیلی بیان کی مذمت,فلسطین,2019-08-21,https://www.bbc.com/urdu/world-49654932
کیمپ ڈیوڈ کی تاریخی اہمیت کیا ہے؟,فلسطین,2019-08-21,https://www.bbc.com/urdu/world-49631138
"ویڈیو, فلسطینی بچے جو اسرائیل کی ’سلامتی کے لیے خطرہ‘ بنےدورانیہ, 4,35",فلسطین,2019-08-21,https://www.bbc.com/urdu/world-49595151
اسرائیلی فوج کی قید میں گزرا بچپن,فلسطین,2019-08-21,https://www.bbc.com/urdu/world-49577318
اسرائیل کو مان لیجیے مگر۔۔۔,فلسطین,2019-08-21,https://www.bbc.com/urdu/pakistan-49470189
اسرائیل جنگ بندی پر تیار، ’غزہ کی ناکہ بندی میں نرمی‘,فلسطین,2019-08-21,https://www.bbc.com/urdu/world-48161627
عروس: سیاحتی مقام یا جاسوسوں کا اڈہ؟,فلسطین,2019-08-21,https://www.bbc.com/urdu/world-49253633
’یہاں اسرائیل کا بائیکاٹ کرنے والوں کا داخلہ منع ہے‘,فلسطین,2019-06-17,https://www.bbc.com/urdu/world-49367672
اسرائیلی پولیس کی شیلنگ سے درجنوں فلسطینی زخمی,فلسطین,2019-06-17,https://www.bbc.com/urdu/world-49315902
’کیا دعا کو بھی عسکری اجازت درکار ہے؟‘,فلسطین,2019-06-17,https://www.bbc.com/urdu/regional-49312307
کشمیر مانگو گے۔۔۔,فلسطین,2019-06-17,https://www.bbc.com/urdu/pakistan-49267155
اسرائیل کا مغربی کنارے پر گھروں کی تعمیر کا اعلان,فلسطین,2019-06-17,https://www.bbc.com/urdu/world-49188066
فری میسنز سے جڑی تنظیم نائٹس ٹیمپلر کی تاریخ,فلسطین,2019-06-17,https://www.bbc.com/urdu/vert-tra-49143088
اسرائیل سے ماضی کے تمام معاہدے ختم: محمود عباس,فلسطین,2019-06-17,https://www.bbc.com/urdu/world-49129315
فلسطینی گھروں کو مسمار کرنے کی اسرائیلی کارروائی,فلسطین,2019-06-17,https://www.bbc.com/urdu/world-49073132
’میں خود ہی دولھا اور پھر دلھن کا کردار ادا کرتا ہوں‘,فلسطین,2019-06-17,https://www.bbc.com/urdu/entertainment-49002357
اسرائیل: سیاہ فام یہودی کے قتل کے خلاف مظاہرے,فلسطین,2019-06-17,https://www.bbc.com/urdu/world-48893348
کیا عرب دنیا میں مذہب سے دوری بڑھ رہی ہے؟,فلسطین,2019-06-17,https://www.bbc.com/urdu/world-48742741
’فلسطینیوں کو آزادی چاہیے، اربوں ڈالروں کی باتیں نہیں‘,فلسطین,2019-06-17,https://www.bbc.com/urdu/world-48738463
گولان کی پہاڑیوں پر نئی ’ٹرمپ بستی‘ کا افتتاح,فلسطین,2019-06-17,https://www.bbc.com/urdu/world-48659204
